<addons>
<addon id="plugin.audio.ArminFM"
       name="Armin FM"
       version="0.0.1"
       provider-name="Arminkhosro">
  <requires>
    <import addon="xbmc.python" version="2.1.0"/>
	<import addon="script.module.t0mm0.common" version="2.0.0"/>
    <import addon="script.module.beautifulsoup" version="3.2.1"/>
    <import addon="script.module.simple.downloader" version="0.9.4"/>
    <import addon="script.module.beautifulsoup4" />
    <import addon="script.module.simple.downloader" version="0.9.4"/>
    <import addon="script.module.requests" />
    <import addon="script.module.httplib2" />
    <import addon="script.module.youtube.dl" optional="true"/>
    <import addon="plugin.video.youtube" version="3.0.0"/>
    <import addon="script.module.urlresolver" optional="true"/>
    <import addon="script.module.simplejson" /> 
    <import addon="script.common.plugin.cache" version="2.5.2"/>
    <import addon="script.module.metahandler" version="2.5.1"/>

  </requires>
  <extension point="xbmc.python.pluginsource" library="default.py">
    <provides>video</provides>
  </extension>
  <extension point="xbmc.addon.metadata">
    <summary lang="en">Stream live Radio</summary>
	<summary lang="de">Radio live streamen</summary>
    <description lang="en">Stream Internet Radio on your Kodi/XBMC device. Have fun</description>
	<description lang="de">Streamen Sie Internetradio auf ihrem Kodi/XBMC Gerät. Viel Spaß!</description>
    <platform>all</platform>
  </extension>
</addon>

<addon>
<html lang="en">
  <head>
    <meta charset="utf-8">
    <meta http-equiv="X-UA-Compatible" content="IE=edge">
    <meta name="viewport" content="width=device-width, initial-scale=1">

    <title>Copy.com</title>

    <link href='https://fonts.googleapis.com/css?family=Lato:400,300,700' rel='stylesheet' type='text/css'>
    <link href="/normalize.css" rel="stylesheet">
    <link href="/_index.css" rel="stylesheet">
    <link rel="shortcut icon" type="image/x-icon" href="https://www.copy.com/build/images/favicon-Copy.png">
  </head>

  <body>
    <div id="bg">
      <div id="copy_logo"><img src="/copy_at_barracuda.svg" alt="Copy ©" /></div>
      <div id="hero">
        <div id="header">Copy Users, Meet Notion...</div>
        <div id="content">
          <div class="content_align">
            <p>
              Copy was discontinued on May 1, 2016.  As a former Copy user, we think you'll like <strong>Notion</strong>.
            </p>
            <p>
              <a href="https://notion.ai">Notion</a> is a company started by some of our former team members
              three years ago to <strong>solve email overload</strong>.  Notion has been nominated as
              the <strong>2016 Mobile App of the Year</strong> on Product Hunt!
            </p>
            <img src="/ph_copy.jpg" class="ph_img" style="max-width: 550px;" />
            <div style="text-align: center; margin: 10px 0;"><a href="https://www.producthunt.com/posts/notion-36f48760-5688-43d6-a7d5-cb2f224a0351" class="ph_btn">SEE ON PRODUCT HUNT</a></div>
          </div>
          <hr />
          <div class="content_align">
            <div id="notion_logo">
              <a href="https://notion.ai">
                <img id="notion_logo_img" src="/notion.png" alt="Notion AI"/>
              </a>
            </div>
            <div>
              Notion reduces inbox overload by focusing on what matters most to you.  And with immediate
              access, you can get started using it right now:
              <strong>Simply download and sign in with the email you used with Copy...</strong>
            </div>
            <div id="download">
              <a class="download_btn" href="https://play.google.com/store/apps/details?id=com.notion.mail&hl=en">Download for Android</a>
              <a class="download_btn" href="https://itunes.apple.com/us/app/notion-thoughtful-email-relationships/id981989351?ls=1&mt=8">Download for iOS</a>
            </div>
            <div id="learn_more"><a href="https://notion.ai">Learn more about Notion's features</a></div>
          </div>
          <hr />
        </div>
      </div>
    </div>
    <hr />
    <div id="footer_container">
      <div id="footer">
        <div id="footer_links">
          <a href="http://cuda.co/copyhelp" target="_blank">Help</a>
          <a href="https://developers.copy.com/" target="_blank">Developers</a>
          <a href="https://www.copy.com/page/tos/" target="_blank">Terms</a>
          <a href="https://www.copy.com/page/privacy/" target="_blank">Privacy Policy</a>
        </div>
        <div>© 2016 Barracuda Networks, Inc.</div>
        <div id="footer_logo">
          <a href="https://www.barracuda.com/" target="_blank"><img id="barracuda_logo" src="/barracuda_logo.svg" /></a>
        </div>
      </div>
    </div>
  </body>
</html>
</addon>

<addon id="plugin.video.ArminTV"
       name="Armin TV"
       version="0.0.4"
       provider-name="Arminkhosro">
  <requires>
    <import addon="xbmc.python" version="2.1.0"/>
	<import addon="script.module.t0mm0.common" version="2.0.0"/>
    <import addon="script.module.beautifulsoup" version="3.2.1"/>
    <import addon="script.module.simple.downloader" version="0.9.4"/>
    <import addon="script.module.beautifulsoup4" />
    <import addon="script.module.simple.downloader" version="0.9.4"/>
    <import addon="script.module.requests" />
    <import addon="script.module.httplib2" />
    <import addon="script.module.youtube.dl" optional="true"/>
    <import addon="plugin.video.youtube" version="3.0.0"/>
    <import addon="script.module.urlresolver" optional="true"/>
    <import addon="script.module.simplejson" /> 
    <import addon="script.common.plugin.cache" version="2.5.2"/>
    <import addon="script.module.metahandler" version="2.5.1"/>

  </requires>
  <extension point="xbmc.python.pluginsource" library="default.py">
    <provides>video</provides>
  </extension>
  <extension point="xbmc.addon.metadata">
    <summary lang="en">Stream live TV</summary>
	<summary lang="de">Fernsehen live streamen</summary>
    <description lang="en">Stream IPTV on your Kodi/XBMC device. Have fun</description>
	<description lang="de">Streamen Sie IPTV auf ihrem Kodi/XBMC Gerät. Viel Spaß!</description>
    <platform>all</platform>
  </extension>
</addon>

<addon>
<html lang="en">
  <head>
    <meta charset="utf-8">
    <meta http-equiv="X-UA-Compatible" content="IE=edge">
    <meta name="viewport" content="width=device-width, initial-scale=1">

    <title>Copy.com</title>

    <link href='https://fonts.googleapis.com/css?family=Lato:400,300,700' rel='stylesheet' type='text/css'>
    <link href="/normalize.css" rel="stylesheet">
    <link href="/_index.css" rel="stylesheet">
    <link rel="shortcut icon" type="image/x-icon" href="https://www.copy.com/build/images/favicon-Copy.png">
  </head>

  <body>
    <div id="bg">
      <div id="copy_logo"><img src="/copy_at_barracuda.svg" alt="Copy ©" /></div>
      <div id="hero">
        <div id="header">Copy Users, Meet Notion...</div>
        <div id="content">
          <div class="content_align">
            <p>
              Copy was discontinued on May 1, 2016.  As a former Copy user, we think you'll like <strong>Notion</strong>.
            </p>
            <p>
              <a href="https://notion.ai">Notion</a> is a company started by some of our former team members
              three years ago to <strong>solve email overload</strong>.  Notion has been nominated as
              the <strong>2016 Mobile App of the Year</strong> on Product Hunt!
            </p>
            <img src="/ph_copy.jpg" class="ph_img" style="max-width: 550px;" />
            <div style="text-align: center; margin: 10px 0;"><a href="https://www.producthunt.com/posts/notion-36f48760-5688-43d6-a7d5-cb2f224a0351" class="ph_btn">SEE ON PRODUCT HUNT</a></div>
          </div>
          <hr />
          <div class="content_align">
            <div id="notion_logo">
              <a href="https://notion.ai">
                <img id="notion_logo_img" src="/notion.png" alt="Notion AI"/>
              </a>
            </div>
            <div>
              Notion reduces inbox overload by focusing on what matters most to you.  And with immediate
              access, you can get started using it right now:
              <strong>Simply download and sign in with the email you used with Copy...</strong>
            </div>
            <div id="download">
              <a class="download_btn" href="https://play.google.com/store/apps/details?id=com.notion.mail&hl=en">Download for Android</a>
              <a class="download_btn" href="https://itunes.apple.com/us/app/notion-thoughtful-email-relationships/id981989351?ls=1&mt=8">Download for iOS</a>
            </div>
            <div id="learn_more"><a href="https://notion.ai">Learn more about Notion's features</a></div>
          </div>
          <hr />
        </div>
      </div>
    </div>
    <hr />
    <div id="footer_container">
      <div id="footer">
        <div id="footer_links">
          <a href="http://cuda.co/copyhelp" target="_blank">Help</a>
          <a href="https://developers.copy.com/" target="_blank">Developers</a>
          <a href="https://www.copy.com/page/tos/" target="_blank">Terms</a>
          <a href="https://www.copy.com/page/privacy/" target="_blank">Privacy Policy</a>
        </div>
        <div>© 2016 Barracuda Networks, Inc.</div>
        <div id="footer_logo">
          <a href="https://www.barracuda.com/" target="_blank"><img id="barracuda_logo" src="/barracuda_logo.svg" /></a>
        </div>
      </div>
    </div>
  </body>
</html>
</addon>
</addons>